C2L,C2L ID,Current Server,Reason,Required dependency
C2L_QueryGrowthBase,579,PARTIAL,"Persisted College snapshot: official initial buildings/wonders, relogin-safe",基地快照/计时器读取
C2L_UnlockExploreRuin,622,PARTIAL,"Idempotent code=10 query of persisted ruins (initially empty, REVIVAL_COMPAT initial state); entry closed 2026-10-02",遗迹开放状态读取
C2L_BuildingUpgrade,233,IMPLEMENTED,"Official costs/gates, timed queues and completion pushes",建筑等级/建造队列/资源
C2L_BuildSpeedUP,234,IMPLEMENTED,"All five official cards, atomic payment and queue completion",队列结束时间/加速道具
C2L_BuildStarUP,235,IMPLEMENTED,"Official ordinary/wonder star gates, unlocks and active battle bonuses",建筑星级/资源
C2L_BuildCrystalFinish,271,IMPLEMENTED,"Native 300-second light pricing, atomic payment and completion",建造状态/奖励
C2L_ExchangePower,238,REFUSED,Handler answers code=13; business rules deferred,星能/额外体力
C2L_StartExplore,242,IMPLEMENTED,Official party/power/difficulty gates and persistent valid queue,派遣槽/英雄占用/结束时间/消耗
C2L_FinishExplore,239,IMPLEMENTED,"Unique official reward/ruin XP, capped crystal grants and hero release",派遣槽/奖励/遗迹经验
C2L_CancelExplore,236,IMPLEMENTED,"Cancellation, energy refund and hero release",派遣槽/退还星能
C2L_ExploreSpeed,624,IMPLEMENTED,"Official light price, atomic debit and persistent end time",派遣结束时间/资源
C2L_StartTrain,259,IMPLEMENTED,"Native heroId field 4, official time/cost, persistent hero occupation",训练槽/英雄占用/结束时间/消耗
C2L_FinishTrain,258,IMPLEMENTED,Unique XP claim and hero update; user-approved 25 percent XP,训练槽/英雄经验/等级
C2L_CancelTrain,257,IMPLEMENTED,Persistent cancellation and hero release,训练槽/退还星能
C2L_BuildStartPrayGod,369,IMPLEMENTED,"Native star gates, official costs/time, daily count and hero occupation",祈祷队列/英雄/材料/计时
C2L_BuildCancelPrayGod,366,IMPLEMENTED,"Prayer symbol refund, persistent cancellation and hero release",祈祷队列/材料
C2L_BuildRewardPrayGod,368,IMPLEMENTED,"Unique reward, hero release and explicit idle queue per civilization to clear cached claim prompts",祈祷队列/奖励账本
C2L_BuildQuickenPrayGod,367,IMPLEMENTED,"Official cards, atomic debit, persistent end and completion notification",祈祷结束时间/道具
C2L_AlchemyMainData,590,PARTIAL,"Persisted production slots, capped element recovery and recipe proficiency; five fixed customer query positions; customer transactions deferred",炼金快照读取
C2L_SingleCustomerInfo,592,PARTIAL,Deterministic valid data for all five customer positions,顾客槽读取
C2L_MakeItem,594,IMPLEMENTED,"Official recipe costs/time, unlocked slots, persisted production",生产槽/材料/计时
C2L_MakIngSpeed,596,IMPLEMENTED,Native star energy/light pricing and persisted completion,生产结束时间/资源
C2L_AlchemyFinish,598,PARTIAL,"Atomic trade/refusal, native price toggles and discount favor; other quest kinds refused",顾客订单/售价/奖励
C2L_AlchemyButtonClick,600,PARTIAL,Persistent suggestion swap with native energy debit; chat remains refused,顾客交互状态
C2L_AlchemyCollect,602,IMPLEMENTED,"Atomic unique production reward, proficiency and slot release",生产槽/物品/配方经验
C2L_AlchemyBuy,604,IMPLEMENTED,"Native capped crystal refill, daily energy limits and real light debit",生产位/资源
C2L_AlchemyMakeCancel,824,REFUSED,Handler answers code=13; business rules deferred,生产槽/返还
C2L_AlchemyOnekeyCollect,826,IMPLEMENTED,Validated batch collection and proficiency groups,多生产槽/奖励账本
C2L_WashingRoomRandomAttri,1055,REFUSED,Handler answers code=13; business rules deferred,装备随机属性/日次数
C2L_WashingRoomOpt,1057,REFUSED,Handler answers code=13; business rules deferred,装备属性/材料/日次数
C2L_HelpPowerSpeed,879,PARTIAL,Read-only empty assist response; social help out of scope,协助速度/奖励
C2L_HelpPowerSpeedValid,881,PARTIAL,Local card-window gate 1/2 implemented; social help deferred,协助次数/资格读取
